"","a","b","c","d","e","f","g","h","y"
"7",0.951785695971921,0.669569988269359,"green",0.170130254933611,0.623469153884798,0.925886165117845,0.81268464284949,"white",3.70751388051659
"43",0.51044699898921,0.922627209918573,"red",0.0878990164492279,0.0254153392743319,0.698443632107228,0.658544838894159,"white",2.68924255693664
"47",0.294837866444141,0.351081122877076,"yellow",0.710891581140459,0.699660549405962,0.545721700415015,0.836863017175347,"black",2.88650820236125
"53",0.798644759692252,0.57204183540307,"green",0.0261365179903805,0.609730048803613,0.488668434554711,0.342675263760611,"black",2.47816822932824
"54",0.68966642068699,0.395323374541476,"red",0.172447699122131,0.736432813107967,0.708408471429721,0.695521379122511,"white",3.18266621699154
"64",0.834691839525476,0.268174767727032,"blue",0.624388211639598,0.697708146879449,0.392404192127287,0.571713256184012,"white",2.35489640578676
"103",0.55848037195392,0.54093024530448,"yellow",0.0618794008623809,0.361443744972348,0.536288378527388,0.542901477543637,"white",2.89099464232897
"107",0.270433455239981,0.0252244032453746,"green",0.717872191919014,0.265832235570997,0.589348853798583,0.347811639308929,"white",2.59436575608859
"109",0.555349650792778,0.585714761400595,"green",0.151771987788379,0.917404739651829,0.844081828603521,0.337619985919446,"white",3.64964075451797
"128",0.449391069822013,0.988157820189372,"green",0.511197206797078,0.05915507231839,0.972968732239679,0.584604643052444,"white",3.23938477425006
"136",0.299406772246584,0.96551462658681,"green",0.0984102305956185,0.716812244616449,0.0217063797172159,0.678362707840279,"white",3.30033680835803
"160",0.182867188937962,0.376586687052622,"green",0.0513892837334424,0.57130674039945,0.640282656764612,0.235400835517794,"white",2.90895904228369
"161",0.654853109270334,0.475787250557914,"yellow",0.875504360068589,0.873835588572547,0.203586097341031,0.462304841261357,"white",3.29721447080879
"162",0.695804497925565,0.130089452955872,"red",0.742982007563114,0.0931680779904127,0.438191569177434,0.473500148160383,"white",2.33015615701225
"183",0.394754577195272,0.992406898876652,"red",0.223156837746501,0.796042986912653,0.282347284723073,0.964977004099637,"white",3.35133073122578
"184",0.298589792568237,0.363617036258802,"green",0.0413612287957221,0.319104505702853,0.950210463255644,0.607549267122522,"white",3.24318048169381
"186",0.931424425449222,0.043735307874158,"green",0.284668383421376,0.450255677103996,0.780904615530744,0.209798810770735,"white",2.72988465633051
"195",0.0463833143003285,0.511823785956949,"green",0.773184803081676,0.962477637454867,0.585800469154492,0.703491024440154,"white",3.64470927021385
"219",0.329900644021109,0.778388764942065,"red",0.459749190835282,0.255665172124282,0.178307343972847,0.223716089967638,"white",2.30201417135236
"226",0.130311326822266,0.47316131205298,"yellow",0.110818759305403,0.114864332834259,0.093493563355878,0.0540118808858097,"white",2.33474582940684
"251",0.80426093772985,0.0185473163146526,"green",0.266146029578522,0.501685618888587,0.538596967468038,0.496657684911042,"white",2.89128711909896
"258",0.404770769411698,0.319002274191007,"yellow",0.620580713497475,0.881206665188074,0.445026953238994,0.587912439601496,"white",3.33468069634563
"259",0.523836326086894,0.665467283222824,"red",0.403858505887911,0.579570840345696,0.544728409266099,0.456210522912443,"white",2.82390730239352
"262",0.767369449371472,0.688778288429603,"green",0.0280150410253555,0.162803473416716,0.977603716077283,0.528286681277677,"white",3.20201377276884
"265",0.174231519689783,0.858474500710145,"red",0.304737066617236,0.904615956125781,0.694887489778921,0.084838731912896,"white",3.06894076095762
"266",0.443122115917504,0.534488239325583,"yellow",0.596441897563636,0.578734907787293,0.214695491595194,0.629950281465426,"white",3.03103139474766
"269",0.698668391210958,0.809117653639987,"yellow",0.448749112896621,0.470403651706874,0.962467198492959,0.571289007551968,"white",3.4101251692028
"274",0.0498607368208468,0.400354116689414,"red",0.0902783686760813,0.480742797721177,0.50009477394633,0.820438955444843,"white",3.08399563131193
"278",0.949408793123439,0.786196309374645,"blue",0.978166286600754,0.322062322637066,0.0499052738305181,0.488804073538631,"white",1.77085871617752
"287",0.359082659939304,0.353177372133359,"green",0.652456220937893,0.643936877604574,0.395748568000272,0.218719431199133,"white",2.94243994314451
"296",0.710561448009685,0.543435956118628,"yellow",0.431320598116145,0.271332843927667,0.913716626120731,0.80045875813812,"white",3.2954514540296
"316",0.200049593346193,0.528888109605759,"blue",0.180780414026231,0.845290822442621,0.205084214219823,0.655720387585461,"white",2.37759024126509
"321",0.145266111241654,0.598596663679928,"red",0.747426770860329,0.239769734209403,0.652300991816446,0.887535826535895,"white",2.79237065356131
"328",0.0028011673130095,0.418235284043476,"yellow",0.855577891226858,0.884568979265168,0.22892403928563,0.450013330439106,"white",3.11231953732001
"331",0.0504886684939265,0.38443886465393,"red",0.248753638239577,0.707405993016437,0.479708979604766,0.995068562915549,"white",3.23295180205613
"351",0.963192403782159,0.128204656066373,"red",0.721094788517803,0.817002229159698,0.0796991898678243,0.564476143568754,"white",2.65517931923878
"352",0.731980634154752,0.0054984379094094,"yellow",0.746987080201507,0.173229396576062,0.480592135572806,0.220367694506422,"white",2.34374802029477
"376",0.975228682393208,0.913606859045103,"yellow",0.676104374229908,0.344567695166916,0.865750778466463,0.595324066234753,"white",3.32665383011015
"389",0.52555899717845,0.253937569446862,"green",0.526801072061062,0.281723551219329,0.346376249333844,0.934524536132812,"white",2.88331681632023
"391",0.275445061037317,0.153977911919355,"yellow",0.0395626481622458,0.561794818844646,0.982094330247492,0.108238780871034,"white",3.02010476186516
"405",0.738104336429387,0.705933408578858,"red",0.735571469878778,0.0494675857480615,0.878268094966188,0.940569514874369,"black",2.38414427421238
"416",0.151116047753021,0.685241484316066,"yellow",0.122791556408629,0.204504059627652,0.365019142162055,0.786102331476286,"black",2.2246620300324
"417",0.680535961175337,0.528904031962156,"yellow",0.621922344435006,0.47749464889057,0.957752572838217,0.7362107897643,"white",3.50173011315432
"418",0.540999327553436,0.766789815155789,"red",0.414341871393844,0.715065012453124,0.780503005720675,0.829704913310707,"white",3.38439217849632
"429",0.502971126465127,0.0173651752993464,"yellow",0.414544951636344,0.219587547704577,0.158213893184438,0.855683370260522,"white",2.64743334784224
"447",0.30299106403254,0.264442133251578,"green",0.183372115949169,0.87784110289067,0.501406573224813,0.215702659683302,"white",3.21149254405161
"452",0.897467766189948,0.52292552543804,"green",0.622849559644237,0.0859751568641514,0.827676225919276,0.0548537585418671,"white",2.77248431972894
"476",0.644553889520466,0.0498375548049808,"yellow",0.949317947495729,0.521079624304548,0.317772797774523,0.020748378476128,"black",1.83773857255159
"479",0.0751510697882622,0.153722373768687,"blue",0.0523419044911861,0.834602510090917,0.0565166035667062,0.694926077267155,"white",2.15533724899887
"480",0.178215977037326,0.113097504479811,"green",0.359964506467804,0.812801418825984,0.636436423985288,0.432541952934116,"white",3.35818899771929
"496",0.912560403114185,0.931286802981049,"green",0.43654801347293,0.862443382618949,0.251874604495242,0.77208588575013,"white",3.58894458075952
"523",0.710557377198711,0.961564636556432,"yellow",0.691528679570183,0.110530031379312,0.794813712127507,0.126247317297384,"black",2.09103333658013
"530",0.900726315332577,0.477748565608636,"blue",0.835494452156126,0.85466489661485,0.353190907975659,0.6522276266478,"white",2.70557520861125
"539",0.333264029584825,0.76996692433022,"blue",0.957359783351421,0.554117443738505,0.765867348061875,0.146290998905897,"white",2.36399951049984
"541",0.0299424030818045,0.504180055810139,"yellow",0.279657181352377,0.981809285236523,0.233962303958833,0.913140364922583,"white",3.66543654656637
"543",0.910267487168312,0.595398955978453,"yellow",0.758375772507861,0.26162923919037,0.335534342564642,0.864959262311459,"white",3.10803029024366
"551",0.335495987674221,0.225876909447834,"blue",0.353155842749402,0.802627932978794,0.43784121889621,0.493011405225843,"black",1.54305736851717
"553",0.574045486049727,0.364258703542873,"blue",0.733521753922105,0.351749846246094,0.987671514041722,0.0319527389947325,"white",2.07523349295029
"603",0.819603481329978,0.175360447028652,"green",0.621640390018001,0.816363329999149,0.499700354645029,0.134506724774837,"white",3.1027298895776
"614",0.27976626297459,0.0877666398882866,"red",0.0722890153992921,0.515187218785286,0.143804425606504,0.995245704194531,"black",1.94632813387585
"619",0.144451597705483,0.656367618823424,"red",0.328843373805285,0.461909843375906,0.789028627797961,0.369871367933229,"white",2.82126250821215
"631",0.608261826680973,0.856111525557935,"yellow",0.826352669624612,0.732224544044584,0.140249403892085,0.33838015072979,"white",3.14125110707972
"657",0.984989513177425,0.237622053362429,"green",0.984970105579123,0.194243615726009,0.789220816455781,0.121361150639132,"white",2.72620023303759
"660",0.0363231622613966,0.30370027734898,"blue",0.973663205513731,0.857824322534725,0.032401756150648,0.82766832690686,"white",2.16113849036814
"663",0.852445403346792,0.0985876645427197,"red",0.342949877725914,0.570625976892188,0.942131203599274,0.68828617525287,"white",3.1562459121549
"665",0.0593611253425479,0.13989911833778,"red",0.203822951298207,0.860809758771211,0.600991289364174,0.851634368533269,"white",3.06445212498691
"680",0.908030301332474,0.267159396084026,"green",0.251726818969473,0.749738340964541,0.804114134749398,0.996904860483482,"white",3.76074932029689
"682",0.103019078960642,0.0105816102586687,"blue",0.60469494969584,0.23088571196422,0.765353945549577,0.533133308868855,"white",2.0041354627656
"685",0.869300866499543,0.808939043898135,"blue",0.906314585125074,0.895082666771486,0.500260955421254,0.397975137457252,"white",2.70541529878727
"687",0.565186938038096,0.662879082141444,"blue",0.405373517889529,0.339940839912742,0.884907405357808,0.954374879831448,"white",2.47449297526445
"702",0.00964409857988358,0.482254711445421,"yellow",0.0304941481444985,0.363928603008389,0.978640317684039,0.923097200458869,"black",2.78449954654719
"715",0.11297685210593,0.446195785421878,"red",0.130116940708831,0.370177990756929,0.325109013356268,0.275825188495219,"white",2.42830722436888
"722",0.0555655979551375,0.380821854341775,"yellow",0.191954885609448,0.491271573351696,0.232705505564809,0.613836131524295,"black",2.30271449586398
"724",0.698876137146726,0.171898174798116,"green",0.854775819927454,0.666602146578953,0.923135228687897,0.494200536748394,"white",3.45260763501427
"729",0.507755792699754,0.271898210514337,"green",0.222336725099012,0.633765691658482,0.0811422530096024,0.354427657555789,"white",2.84714761751762
"731",0.652647613547742,0.217491243500262,"red",0.210565114161,0.105044944211841,0.717814332107082,0.0307346500921994,"black",1.53721981183658
"732",0.784138642251492,0.328919632826,"green",0.534590802853927,0.917385542299598,0.362143788021058,0.745753751834854,"black",2.86286279400287
"735",0.8689607065171,0.419001088477671,"green",0.633009714074433,0.902126144152135,0.679798348108307,0.625110866269097,"white",3.64932128600153
"767",0.832005971577018,0.54923955607228,"blue",0.89654353260994,0.895745552377775,0.639567053178325,0.264405190013349,"black",1.86811973573139
"772",0.125865070847794,0.828405387233943,"yellow",0.0772476943675429,0.741347614210099,0.438501367578283,0.691893530311063,"white",3.49678384628023
"780",0.217833182308823,0.343472668901086,"blue",0.764232465298846,0.774748051539063,0.205420374404639,0.718913780758157,"white",2.30827057798101
"811",0.718690879642963,0.511055821087211,"red",0.718434679554775,0.429805804044008,0.839321781415492,0.401617283001542,"white",2.93884413018912
"822",0.131257831584662,0.819374143145978,"green",0.400324193295091,0.277434442192316,0.401055835420266,0.205865632975474,"white",2.61416223290302
"851",0.214566240087152,0.229655700037256,"yellow",0.241244464181364,0.667523715645075,0.251500034704804,0.818014597753063,"white",3.26724735157099
"854",0.877410182030872,0.345806657569483,"red",0.632011538604274,0.445595424622297,0.269784121075645,0.0819080944638699,"white",2.28465953446175
"871",0.991129396250471,0.4826935979072,"green",0.177850667154416,0.26048531755805,0.681260145036504,0.974596714600921,"white",3.35783820398915
"880",0.0096675050444901,0.00273366854526103,"green",0.489740028511733,0.61937071941793,0.160721794003621,0.693216955987737,"white",2.93048666722458
"903",0.285686308285221,0.737047066213563,"blue",0.554522398626432,0.329766921931878,0.763416951755062,0.674734315136448,"white",2.37244208156567
"904",0.0274248297791928,0.690171407070011,"red",0.589401341043413,0.0604801124427468,0.717573699308559,0.285775555996224,"white",2.41838498243335
"907",0.831691998289898,0.00236681872047484,"green",0.0653685180004686,0.921817091060802,0.586072336416692,0.111255349591374,"white",3.28843585736452
"914",0.267008497612551,0.863882307196036,"yellow",0.797770397504792,0.692334545077756,0.940902562346309,0.224994404474273,"black",2.8550852904425
"923",0.971949727041647,0.0999513338319957,"yellow",0.377183168195188,0.241458834381774,0.821956350002438,0.368786070495844,"white",2.80589848913534
"924",0.838436793070287,0.513063397724181,"green",0.53253973997198,0.55425835470669,0.57161112036556,0.0308267003856599,"white",2.96632617635996
"925",0.790964113315567,0.98212334793061,"green",0.121454148320481,0.211929344339296,0.0841266184579581,0.0730790300294757,"white",2.41863739197345
"949",0.0650022116024047,0.683411154896021,"blue",0.396343528758734,0.564570182468742,0.109888443723321,0.088000413030386,"white",1.73942511832345
"950",0.171601437032223,0.921678177081048,"red",0.234259215649217,0.337513368343934,0.279309525620192,0.545434643048793,"white",2.85687240329723
"958",0.939354723086581,0.475622073048726,"yellow",0.959571025334299,0.786322255851701,0.231358047341928,0.332795731956139,"black",2.40406490704241
"969",0.630428180797026,0.937670297455043,"yellow",0.902705685934052,0.870234480127692,0.673989524133503,0.351364316884428,"black",2.99160098152917
"973",0.774125254480168,0.219607769045979,"yellow",0.248188650934026,0.585342589300126,0.898248733719811,0.893181035062298,"black",3.00763944145269
"974",0.804007231025025,0.228015257744119,"red",0.788092919625342,0.371296147350222,0.897524539614096,0.420683135278523,"white",2.70609895796039
"993",0.575066457036883,0.915119273355231,"yellow",0.346985886106268,0.417414288735017,0.570348613429815,0.0298614187631756,"white",2.9959047629867
"995",0.479815309168771,0.464348230743781,"red",0.828097133897245,0.254068370675668,0.431549672270194,0.177881562849507,"white",2.33421288927012
"1002",0.0934191516134888,0.799660604214296,"yellow",0.15980490995571,0.295790318166837,0.495039908448234,0.0766413209494203,"white",2.73915760570153
"1006",0.0152097987011075,0.387669069226831,"yellow",0.919190641725436,0.66119249467738,0.583336875541136,0.16101809265092,"white",3.05679933398018
"1014",0.966518108965829,0.463797189760953,"yellow",0.207703148480505,0.746017511934042,0.174767450196669,0.501518104923889,"black",2.45052839561493
"1018",0.0951920810621232,0.755865843966603,"red",0.223526020767167,0.835509259719402,0.652929382398725,0.827906790655106,"white",3.61245639332986
"1019",0.29420138313435,0.348118037683889,"blue",0.376214304938912,0.790189908351749,0.586324326694012,0.527688077185303,"white",2.6404568224178
"1042",0.491265062708408,0.0511537701822817,"yellow",0.367190040182322,0.953884105198085,0.0185340833850205,0.789086015196517,"white",3.16968046538847
"1059",0.685021604876965,0.788572276942432,"blue",0.981289275689051,0.625789499375969,0.859730416443199,0.830608567222953,"white",2.89790743354099
"1060",0.903003454441205,0.260583350434899,"yellow",0.841865726979449,0.564506246242672,0.441367257852107,0.017498696455732,"white",2.65281370202303
"1068",0.148016980383545,0.521430616034195,"green",0.372799423523247,0.532295022159815,0.0673256819136441,0.547389124985784,"white",3.10273891860244
"1072",0.0819351864047348,0.717655415879562,"yellow",0.890601339284331,0.202343758195639,0.733952054055408,0.480736086145043,"black",2.44729098659569
"1073",0.690879236441106,0.359441125765443,"red",0.901420645415783,0.789838920114562,0.286371034570038,0.887364020338282,"black",2.46136783732336
"1084",0.830400672974065,0.49043192807585,"blue",0.156092748511583,0.465610857354477,0.776752181816846,0.120250971289352,"black",1.61445738290525
"1088",0.487642833497375,0.737767949933186,"yellow",0.404073301935568,0.20092895696871,0.646924794884399,0.179287019185722,"white",2.71267796811972
"1101",0.759123233146966,0.893560291500762,"green",0.416816324694082,0.636350990273058,0.514251839602366,0.475395636400208,"white",3.23567679690838
"1107",0.962592886993662,0.757797023281455,"yellow",0.557141422992572,0.229791466612369,0.155785169219598,0.774099463829771,"black",2.27792978803738
"1114",0.352932255947962,0.449384480714798,"green",0.808953480096534,0.131661105668172,0.56992558343336,0.566374754300341,"white",2.76176534442652
"1115",0.372925349045545,0.296985331689939,"yellow",0.466006330447271,0.883157233940437,0.145606321049854,0.0171139962039888,"white",2.79188784453509
"1129",0.655979295494035,0.721879722317681,"blue",0.544990814756602,0.943506534211338,0.225364338839427,0.581955118803307,"black",1.95336939570755
"1131",0.0249638792593032,0.792428211774677,"red",0.524746672715992,0.443701980635524,0.201272650389001,0.0981366799678653,"black",1.76058205995003
"1165",0.583125603152439,0.740822874708101,"red",0.265939835691825,0.626142736524343,0.301670512882993,0.404163557570428,"white",2.81606246802359
"1168",0.514032416511327,0.855892141815275,"yellow",0.356222406262532,0.2809543593321,0.456489283358678,0.570501069538295,"white",2.9709301156327
"1172",0.272726005176082,0.20750221516937,"yellow",0.361502046929672,0.650152529589832,0.132312489207834,0.215215964242816,"white",2.70529340086268
"1175",0.926073770970106,0.0190625924151391,"yellow",0.340618315851316,0.893179624341428,0.141068164259195,0.284363443031907,"black",2.33043842598175
"1178",0.207213141256943,0.962276766775176,"blue",0.465577142080292,0.304611369268969,0.421913714613765,0.665029054973274,"white",2.40179736167279
"1185",0.874752340372652,0.552929932484403,"blue",0.850338614080101,0.840320350136608,0.257605116581544,0.25817080354318,"white",2.18445443096296
"1199",0.121008208021522,0.540741560282186,"red",0.336082070600241,0.372397090541199,0.871687566163018,0.362382667372003,"white",2.79683978765785
"1203",0.828205062774941,0.703981576953083,"blue",0.272559590172023,0.415100602898747,0.403755556792021,0.00740826223045588,"black",1.28609570259676
"1209",0.11756757250987,0.691501099616289,"yellow",0.455217211972922,0.507866878295317,0.974276282824576,0.351131756789982,"white",3.44333168786577
"1212",0.967400744557381,0.337748812045902,"blue",0.908449398120865,0.612465314567089,0.0144067874643952,0.806458980077878,"white",2.15998967216181
"1220",0.549609676934779,0.788145578000695,"green",0.0203936293255538,0.589666726766154,0.454106400022283,0.910230761626735,"black",2.90746280425576
"1232",0.4661954799667,0.841919600265101,"red",0.729509329190478,0.598365905927494,0.783472048118711,0.625821496825665,"black",2.63156003035497
"1239",0.0769900698214769,0.328794545726851,"green",0.391419212333858,0.71732891863212,0.181214939337224,0.475899803685024,"black",2.34282942229282
"1254",0.631232477258891,0.673762121004984,"blue",0.601156742312014,0.52105107717216,0.45198940881528,0.973385455086827,"white",2.53645289992801
"1259",0.565172508591786,0.582528294529766,"green",0.551261947955936,0.559309338452294,0.829613450216129,0.906131048453972,"white",3.52871183463449
"1268",0.124921927927062,0.737999290926382,"yellow",0.928735856199637,0.0360638666898012,0.567703410750255,0.735832192236558,"white",2.94008025223818
"1270",0.952628509141505,0.373371318681166,"green",0.0363618112169206,0.534459633985534,0.936354356119409,0.855390895158052,"white",3.62249437312108
"1289",0.393655963940546,0.346417961176485,"green",0.340095827355981,0.774294750532135,0.715923590119928,0.818972793407738,"white",3.60160184527975
"1291",0.532468442106619,0.913002371555194,"red",0.770705312024802,0.751129049807787,0.228242453420535,0.109176691854373,"black",2.04639982681867
"1294",0.467611018801108,0.517420804826543,"yellow",0.301567248767242,0.486053310101852,0.872252779081464,0.693778842221946,"white",3.55114183589712
"1296",0.350334288552403,0.613847300643101,"yellow",0.507262316765264,0.407008745474741,0.237304385518655,0.565079889958724,"white",2.94906383883576
"1322",0.807665327331051,0.547171264654025,"blue",0.340950219891965,0.305070938542485,0.694140860112384,0.991631485288963,"white",2.46580766077058
"1325",0.920301064383239,0.899180525913835,"red",0.168185914866626,0.0133408375550061,0.356185567798093,0.495008821599185,"black",1.65939783008432
"1335",0.498707556398585,0.643903409829363,"red",0.973006840795279,0.571789800655097,0.962189003825188,0.327369065955281,"white",3.0792190735033
"1341",0.310602525714785,0.606631649425253,"red",0.212848772760481,0.103990941308439,0.800478229299188,0.384872848866507,"black",1.88059240236386
"1349",0.857038326794282,0.0703909222502261,"blue",0.387595882173628,0.384132117498666,0.579739541979507,0.741398907033727,"white",2.17981128489199
"1382",0.837888456648216,0.021695805946365,"blue",0.650167802348733,0.776195235317573,0.227320750243962,0.0856305970810354,"white",1.79700462852987
"1406",0.976764980703592,0.797022104030475,"yellow",0.452265757834539,0.7250065067783,0.231914940755814,0.316073150606826,"black",2.61831258219052
"1413",0.387470382498577,0.0167860146611929,"blue",0.601859500398859,0.878642182797194,0.290278159081936,0.909042654791847,"white",2.35280474633325
"1459",0.265220551751554,0.18403700995259,"green",0.825929150916636,0.735044672386721,0.230871700914577,0.104108242783695,"white",2.96220464919402
"1467",0.634475669357926,0.101091898977757,"yellow",0.939081677468494,0.41043818811886,0.428714537993073,0.38659250177443,"white",2.72883439139126
"1470",0.16971137188375,0.415818827226758,"yellow",0.27641175291501,0.448489842703566,0.923326446209103,0.52214794093743,"white",3.43394920904549
"1506",0.100064687663689,0.543533189920709,"green",0.387724140426144,0.969729133183137,0.608031251234934,0.902339549968019,"white",3.9171264608651
"1512",0.947958577191457,0.693322031525895,"red",0.727620936697349,0.289160900516436,0.223207639530301,0.611696696141735,"white",2.36785453180688
"1516",0.459575004177168,0.612498692236841,"yellow",0.169097726698965,0.0884071011096239,0.238101807422936,0.26111651211977,"black",1.77674933501931
"1520",0.512257222086191,0.710397972958162,"red",0.726757427211851,0.480276796268299,0.656051328172907,0.727294571930543,"white",3.15533368362832
"1524",0.519152936525643,0.52286861743778,"red",0.622176139848307,0.386573777766898,0.844055620022118,0.323094537714496,"white",3.00027927103697
"1530",0.342543197562918,0.226403711596504,"green",0.786896522389725,0.916378538822755,0.420241383370012,0.889015034539625,"white",3.45530453487958
"1547",0.715906044002622,0.729590362170711,"green",0.0328531879931688,0.102375227259472,0.876500637503341,0.0872513926587999,"white",2.83001049815936
"1561",0.396717197960243,0.437523153610528,"red",0.531375091988593,0.00888339686207473,0.926332474453375,0.0232242678757757,"white",2.2020155838751
"1574",0.594342805910856,0.842044317396358,"yellow",0.620876259403303,0.627033599186689,0.15669979271479,0.956529300892726,"white",3.49589989106942
"1575",0.645088066114113,0.0223909129854292,"blue",0.970098227495328,0.256918926956132,0.845806018449366,0.959409199422225,"black",1.67705764119548
"1578",0.913497023750097,0.639220023760572,"red",0.211731986142695,0.988197336671874,0.990656683221459,0.334100842475891,"white",3.46049123180877
"1583",0.388864690205082,0.716810959391296,"red",0.820807799464092,0.488121253205463,0.737628430128098,0.739385846536607,"white",3.20926649963672
"1598",0.134231455856934,0.27640566485934,"yellow",0.947388362372294,0.451137656345963,0.213123069610447,0.185358593938872,"black",1.93052517715447
"1603",0.252797617111355,0.241779768140987,"green",0.452594251139089,0.0545025405008346,0.102351131150499,0.840108131989837,"black",1.83120433110831
"1604",0.0383107839152217,0.680932978866622,"red",0.271809969795868,0.915307876421139,0.00164277222938836,0.462060247315094,"black",2.32358427490492
"1605",0.652644257294014,0.786808023229241,"blue",0.376281666569412,0.837710700463504,0.900333119789138,0.756009716307744,"white",3.10468318876219
"1606",0.502976899035275,0.671149851521477,"red",0.965419874060899,0.215485529974103,0.755808538990095,0.40104956459254,"white",2.64737224140505
"1615",0.656529018189758,0.536849390948191,"blue",0.39111735788174,0.12403195630759,0.495684701949358,0.678698542295024,"white",1.9790937262352
"1628",0.14294210751541,0.216660891426727,"blue",0.734992191428319,0.495650250697508,0.983673538081348,0.854938362026587,"white",2.59761692765021
"1641",0.147646592929959,0.492539915256202,"blue",0.811289706965908,0.264707173220813,0.594377217581496,0.828371474985033,"white",2.23165027032998
"1642",0.552132921060547,0.479119485011324,"blue",0.87824244168587,0.344039344228804,0.921947431052104,0.357714783865958,"black",1.51985127362272
"1644",0.00855959486216307,0.187497349455953,"red",0.104322203900665,0.270879780175164,0.0806159565690905,0.435508695663884,"white",2.09322085423356
"1645",0.360393311362714,0.797306821215898,"green",0.69239147612825,0.570167739177123,0.708384489873424,0.00828479579649866,"white",3.1728865245544
"1670",0.098049936350435,0.692368969554082,"blue",0.44137000455521,0.940594170708209,0.474021246191114,0.572912828065455,"black",2.22385996661417
"1676",0.0393927956465632,0.518009783700109,"green",0.666482902364805,0.866318935528398,0.485472358996049,0.19216261152178,"white",3.27164865332303
"1682",0.366059990832582,0.143126315204427,"blue",0.367422972107306,0.190990028437227,0.248207094613463,0.713241948978975,"black",0.981376089225491
"1701",0.97276834025979,0.69420223752968,"yellow",0.492171115474775,0.509610274806619,0.797809061827138,0.318101726938039,"white",3.25256544618896
"1710",0.138405647361651,0.185643098317087,"blue",0.190177693264559,0.745158628560603,0.883523822994903,0.481985483085737,"black",1.88889159759253
"1718",0.486717222025618,0.569937799591571,"yellow",0.415318912127987,0.410770148038864,0.706805501831695,0.118088324088603,"white",2.9332626858237
"1730",0.885709410067648,0.538305891444907,"green",0.0483564813621342,0.346678443485871,0.440165487583727,0.0613926474470645,"white",2.75871155850149
"1741",0.295156896114349,0.594556290656328,"green",0.569350111298263,0.856161055155098,0.780012197094038,0.38158736913465,"white",3.59665077585209
"1767",0.82494397321716,0.000709534855559468,"green",0.934168052393943,0.533948448486626,0.887336154701188,0.847649618284777,"white",3.52235991394511
"1779",0.424185774754733,0.169696616008878,"red",0.184364586602896,0.495308100478724,0.499842646997422,0.0495565517339855,"black",1.69864824919933
"1781",0.207702611805871,0.426112809218466,"green",0.182676009833813,0.379451890941709,0.519948977278545,0.939662479795516,"black",2.66194611068537
"1782",0.269920267164707,0.209302188362926,"blue",0.843538604909554,0.585946309380233,0.986009537940845,0.106976609211415,"black",1.73476753143174
"1805",0.582190880086273,0.334658007603139,"red",0.260442331666127,0.500579618383199,0.39497254579328,0.474547415040433,"white",2.60409726763706
"1828",0.384479469619691,0.536330671748146,"red",0.0201267153024673,0.308031318942085,0.447960021905601,0.0103592956438661,"white",2.33538974345092
"1831",0.630826826905832,0.699390487046912,"blue",0.587364072678611,0.354444601340219,0.498505716910586,0.317247238010168,"white",2.06271698829392
"1837",0.863227404421195,0.363233765820041,"green",0.558796664467081,0.44384246901609,0.935989808989689,0.453698677243665,"white",3.35873336376646
"1844",0.0143880944233388,0.799299872480333,"blue",0.80602346919477,0.719679335132241,0.760544528719038,0.931985158706084,"white",2.98835464682501
"1849",0.744349287590012,0.758637680672109,"yellow",0.325826813001186,0.148833479266614,0.148412075592205,0.153889148496091,"white",2.39063444533566
"1877",0.308816781733185,0.195938366698101,"green",0.633354801917449,0.635562671115622,0.922426565550268,0.953411838505417,"black",3.03443334945471
"1885",0.479856585618109,0.295546348206699,"green",0.884882426122203,0.115488038863987,0.0916011915542185,0.212454320397228,"white",2.11562226437697
"1905",0.519155919551849,0.0893885272089392,"yellow",0.0728419800288975,0.463160205166787,0.74520488944836,0.100181153044105,"white",2.83589407073633
"1909",0.656174640869722,0.621201025089249,"yellow",0.153626293642446,0.24439238384366,0.937476222403347,0.673081636661664,"white",3.35030395219236
"1925",0.58277228847146,0.865993461804464,"red",0.382298325421289,0.548005984630436,0.505911806598306,0.93039996526204,"black",2.39800644043733
"1932",0.127794590312988,0.474149487679824,"yellow",0.950040214462206,0.606128453509882,0.0463468024972826,0.644158568233252,"white",2.78824742416844
"1934",0.815737077500671,0.886491787154227,"yellow",0.621209133416414,0.30850199633278,0.756512587657198,0.214650435140356,"white",3.01507834325349
"1964",0.105063998606056,0.915979050565511,"yellow",0.900309691904113,0.540673731826246,0.785296612186357,0.596577527467161,"white",3.67239545444183
"1976",0.0395999674219638,0.778199507389218,"green",0.930877947481349,0.572531108511612,0.999270781641826,0.2770203538239,"white",3.3406511644036
"1978",0.812664016149938,0.357467869063839,"red",0.639054637402296,0.916911737527698,0.0200677479151636,0.33223610650748,"white",2.5349904000712
"1981",0.771686653373763,0.0888777112122625,"blue",0.307600016472861,0.77133979392238,0.416501736035571,0.716437967261299,"white",2.4192657627565
"1992",0.0255966705735773,0.647078576497734,"blue",0.983481385046616,0.47317260527052,0.698312155902386,0.252933340612799,"white",2.18858584872035
"2009",0.280053601134568,0.0523605297785252,"yellow",0.157213164959103,0.696549491025507,0.577357610920444,0.0509216475766152,"white",2.72632296496265
"2010",0.821808803360909,0.00932037900201976,"green",0.7961124277208,0.318636597599834,0.506913016783074,0.247397961327806,"white",2.41517811905168
"2019",0.390683817444369,0.570123487152159,"yellow",0.960238545434549,0.290923065040261,0.492249790579081,0.74367841728963,"white",3.00656740648154
"2020",0.370341217843816,0.838267483050004,"red",0.453745651058853,0.237033268203959,0.636446049669757,0.36797437351197,"white",2.66931818227617
"2022",0.206786843016744,0.868087942712009,"yellow",0.610484520206228,0.777355644386262,0.518675687722862,0.0379521187860519,"black",2.62903649284178
"2024",0.971433424623683,0.958479675697163,"blue",0.998281550826505,0.895612497814,0.913880898384377,0.640710176900029,"white",2.89218365718208
"2028",0.424465395743027,0.996489982586354,"red",0.375245850533247,0.449877050938085,0.693152592983097,0.830138081917539,"white",3.27602088342456
"2042",0.999689641408622,0.579736793413758,"yellow",0.373263352317736,0.668229242088273,0.80302253481932,0.285120232962072,"white",3.11168290594618
"2056",0.636604174971581,0.0821267371065915,"blue",0.48188736056909,0.983506798511371,0.146886424859986,0.340492606861517,"white",2.32232888345085
"2062",0.30597293865867,0.751589643303305,"green",0.402767068007961,0.23688264680095,0.899098964873701,0.0858762050047517,"white",2.90421302983302
"2063",0.856427459046245,0.724022277630866,"red",0.45748953637667,0.0807860074564815,0.675291407853365,0.432718712603673,"white",2.59074329728511
"2098",0.217131729237735,0.96037380467169,"red",0.169522733660415,0.254550196230412,0.0162995820865035,0.342569010797888,"black",1.54347583959724
"2099",0.950359474401921,0.733808993827552,"green",0.510457442607731,0.776968496618792,0.131504235323519,0.94963889522478,"white",3.51949870333921
"2105",0.0153980641625822,0.750884702894837,"green",0.221758479485288,0.0798781926278025,0.60618220246397,0.583327407948673,"white",2.98935271528794
"2124",0.135105674155056,0.151459116023034,"yellow",0.729545446112752,0.980792827205732,0.405834636185318,0.969014618545771,"white",3.52601813533371
"2125",0.207372948992997,0.908585304627195,"red",0.474030452547595,0.0594772263430059,0.756034206366166,0.148207090096548,"white",2.55570185219285
"2130",0.505579916993156,0.838419155217707,"yellow",0.382180997869,0.198451129021123,0.41765402792953,0.923282439354807,"white",3.06085218708203
"2143",0.317391847027466,0.398489615647122,"yellow",0.897157149156556,0.70299468934536,0.903822499793023,0.594597892370075,"white",3.57145261146266
"2156",0.306691255653277,0.551042117876932,"yellow",0.64681957475841,0.943587007233873,0.994511134456843,0.597612260375172,"black",3.430097712273
"2160",0.0329463102389127,0.367899367818609,"yellow",0.706063369754702,0.0850754235871136,0.706242256565019,0.637821712298319,"white",2.83458412839624
"2181",0.522103319410235,0.851399553474039,"green",0.748105075675994,0.256916977232322,0.445054336683825,0.572187828365713,"white",2.99950047539072
"2196",0.642176363617182,0.184115567943081,"yellow",0.513342596357688,0.223395755747333,0.623235425679013,0.151195624610409,"white",2.63131428919671
"2201",0.43273399444297,0.0220929854549468,"blue",0.745301762828603,0.788821310503408,0.373174121137708,0.570559721672907,"white",2.10723740494188
"2203",0.190826014848426,0.299644560320303,"green",0.976133178919554,0.283521624049172,0.84249737043865,0.312956784851849,"white",3.01340115138632
"2204",0.316834636963904,0.814782469533384,"yellow",0.772958408575505,0.0154500838834792,0.765546305803582,0.741607050644234,"black",2.43789228489797
"2205",0.302483745152131,0.327791998628527,"red",0.984116932377219,0.410818560514599,0.925697322469205,0.925217377021909,"white",3.36335155325134
"2219",0.565824009245262,0.790679235011339,"yellow",0.718923986889422,0.595219797687605,0.793915452202782,0.0843224902637303,"white",3.36294983862036
"2230",0.816175980726257,0.98511352436617,"yellow",0.108890901086852,0.70123200584203,0.207730654161423,0.697613577591255,"white",3.42457920378789
"2250",0.837418287293985,0.948340971255675,"red",0.616108188871294,0.803615657845512,0.862376033328474,0.357149961171672,"white",3.28844686062614
"2253",0.892080521676689,0.0203170783352107,"blue",0.193330771755427,0.302300060400739,0.111909350845963,0.145297070033848,"white",1.35632574924712
"2260",0.634715643711388,0.997015241999179,"red",0.395055721979588,0.320711123524234,0.399047357263044,0.686217191629112,"white",2.869625813944
"2262",0.313613209873438,0.678726903162897,"blue",0.530968728009611,0.350120021030307,0.0202690628357232,0.447582875844091,"white",1.87916732725683
"2270",0.706017683027312,0.675858663860708,"green",0.130138409789652,0.240297000389546,0.777324924245477,0.493786339648068,"white",3.1093740939983
"2303",0.380470691248775,0.432179843075573,"red",0.23778769816272,0.331786500522867,0.86343282670714,0.697110399138182,"white",2.69933808076346
"2304",0.164066866738722,0.449966351967305,"blue",0.483930527465418,0.0293362620286644,0.0561677538789809,0.568294264143333,"white",1.52002205316137
"2306",0.87066805944778,0.885620840126649,"yellow",0.471688379533589,0.769874109420925,0.994606810854748,0.958647126099095,"black",3.39578173850119
"2324",0.6533901267685,0.629077858990058,"blue",0.28728962643072,0.125549489632249,0.808483505621552,0.0408393517136574,"white",1.89235770573158
"2325",0.0412969186436385,0.761609245790169,"red",0.985926435794681,0.106649551074952,0.678345449268818,0.926763446768746,"white",3.0235443157024
"2332",0.98072403203696,0.146067309891805,"yellow",0.946035268018022,0.991197090828791,0.795028390362859,0.998156270943582,"white",3.84533893769774
"2338",0.310647359117866,0.507733819074929,"green",0.0124501623213291,0.0198725678492337,0.0452062434051186,0.98643987858668,"white",2.64559544867178
"2339",0.658189778449014,0.0291200072970241,"red",0.809455730253831,0.172694887733087,0.66992941359058,0.303848735522479,"white",2.43089668161306
"2349",0.102684209588915,0.128205059096217,"green",0.0573742531705648,0.656763031380251,0.752410748507828,0.361405544681475,"black",2.27671302447183
"2356",0.753025603713468,0.901278130244464,"blue",0.799113724846393,0.234428564319387,0.821123034926131,0.971660135546699,"white",2.60065432431752
"2364",0.0902442110236734,0.155677303904667,"blue",0.272952260216698,0.0385072531644255,0.744462898233905,0.350608904147521,"white",1.97610715349233
"2417",0.528619122691453,0.357700704364106,"yellow",0.97480233036913,0.681380114285275,0.294796956004575,0.295024174731225,"black",2.177308032816
"2436",0.171955358237028,0.133780623087659,"blue",0.783581154886633,0.899689179612324,0.19874288351275,0.834023259812966,"white",2.42706436542537
"2437",0.872873907443136,0.571655241539702,"red",0.204970502760261,0.419826327357441,0.62996104429476,0.434124915860593,"white",2.86669214194958
"2456",0.118867391720414,0.170800023013726,"blue",0.661794006591663,0.799062803620473,0.281846060184762,0.938086934387684,"white",2.47934160183176
"2471",0.544852540828288,0.896117064636201,"blue",0.715185279725119,0.998993601417169,0.505902802571654,0.694423791021109,"white",2.94973970885274
"2498",0.195060693426058,0.719978328794241,"red",0.0609625589568168,0.597669711336493,0.263239707564935,0.419353170553222,"black",2.17513763857301
"2511",0.867080284515396,0.0697416837792844,"green",0.00121424254029989,0.710796308238059,0.846374532906339,0.756964887026697,"white",3.46596403877907
"2527",0.68317347811535,0.0395443090237677,"red",0.571576285874471,0.110937654739246,0.192210141802207,0.0859958047512919,"white",1.8056286485419
"2529",0.221602415665984,0.928558494895697,"yellow",0.734361389186233,0.334450506139547,0.432988481596112,0.019737800816074,"white",2.81021521017367
"2541",0.986373084131628,0.0286260917782784,"green",0.836161505430937,0.544192912522703,0.367438188288361,0.0107960617169738,"black",1.8054622023903
"2559",0.0436537228524685,0.3227758561261,"green",0.0875111664645374,0.157093776855618,0.58918651076965,0.525117171229795,"white",2.8612334704969
"2568",0.931164371781051,0.085396591341123,"green",0.198948483215645,0.528029194800183,0.457230804953724,0.954602185869589,"white",3.29957522665234
"2580",0.510393490782008,0.501798319164664,"blue",0.241480907890946,0.564834229648113,0.22277899668552,0.680266692303121,"white",2.22380229023917
"2586",0.906771583715454,0.636751657351851,"red",0.91426086681895,0.781895887339488,0.476698180660605,0.183067542267963,"white",2.96588111825842
"2590",0.262617725646123,0.354625602019951,"red",0.605526925297454,0.688507961342111,0.977678437251598,0.3245976541657,"black",2.58594498494168
"2597",0.262019728310406,0.689526980509982,"blue",0.981790140504017,0.644305771682411,0.152849470032379,0.241847831057385,"white",2.03621781143103
"2609",0.726028590695933,0.110182769363746,"red",0.249278879258782,0.701175732072443,0.806482183514163,0.753854884533212,"white",3.07557426247303
"2611",0.488920525182039,0.84106581681408,"green",0.46011256147176,0.585735710337758,0.7048098098021,0.12490269029513,"white",3.37204792772518
"2612",0.613103571115062,0.649218364385888,"yellow",0.225831825053319,0.739766749320552,0.636630465043709,0.751491429517046,"white",3.51865825362813
"2617",0.493730409536511,0.707367018098012,"blue",0.996130036655813,0.970141885569319,0.727951360866427,0.0174253818113357,"white",2.72580248883599
"2628",0.661599522689357,0.041014454793185,"red",0.633890810422599,0.107163530774415,0.913001754088327,0.35059000691399,"white",2.3489511185505
"2629",0.642810504883528,0.550583000760525,"blue",0.696894477587193,0.427546428050846,0.934788962593302,0.226127746514976,"white",2.33555552619972
"2642",0.101349407341331,0.478255281224847,"green",0.936210063518956,0.167696194024757,0.338934486033395,0.772631589323282,"white",2.77144839527722
"2655",0.924280820414424,0.105973461642861,"red",0.528358373092487,0.577336568152532,0.644359082449228,0.739019593922421,"white",2.86661271236101
"2662",0.446492794435471,0.537950881291181,"blue",0.849335617152974,0.943796233041212,0.389584717806429,0.316166071686894,"white",2.49077504392922
"2665",0.0740365099627525,0.938013814622536,"green",0.456792306620628,0.703426460269839,0.0771184705663472,0.39802294364199,"white",3.07932870645209
"2676",0.286254913080484,0.802054115803912,"red",0.483282054541633,0.811819971771911,0.994000445818529,0.241324602160603,"white",3.46143443931886
"2693",0.531454514013603,0.475790239637718,"blue",0.657896297750995,0.238879197277129,0.00132702151313424,0.0281059080734849,"white",1.35871323800581
"2711",0.845263511640951,0.316303815925494,"yellow",0.0527753420174122,0.51953030959703,0.153479865053669,0.467387249926105,"white",2.74493886653056
"2755",0.482091122074053,0.909216270083562,"blue",0.695712509797886,0.380974412430078,0.0583071711007506,0.927653495455161,"white",2.23745031843874
"2761",0.285063230199739,0.0134553674142808,"blue",0.552600825205445,0.491229742066935,0.603857655311003,0.447260681772605,"black",1.5502362875924
"2788",0.383110540686175,0.765509653370827,"red",0.112894352059811,0.555542625021189,0.0239209837745875,0.63635923853144,"white",2.76699223834
"2798",0.761015275958925,0.220720403129235,"blue",0.251973488135263,0.778913002694026,0.0622921178583056,0.428966746665537,"white",2.09397657810786
"2803",0.123032621806487,0.502920292085037,"yellow",0.866363950772211,0.614094749791548,0.253172009019181,0.0277752028778195,"white",2.75635373079677
"2808",0.263430755818263,0.78629807010293,"blue",0.665456576505676,0.730014122324064,0.484728540759534,0.674128103302792,"white",2.61965744468845
"2810",0.414652685169131,0.457592144142836,"red",0.00731867831200361,0.861733373021707,0.987325206864625,0.54501259024255,"white",3.49654877507505
"2814",0.67795354872942,0.0796241755597293,"green",0.407442007679492,0.459255125140771,0.819013632833958,0.868473635520786,"white",3.37117653163619
"2821",0.839462754549459,0.0222459558863193,"green",0.0243950160220265,0.30634126602672,0.365188324125484,0.894936425145715,"white",2.85112373815713
"2826",0.526501549175009,0.751731243915856,"red",0.458816543221474,0.0610048342496157,0.847721789963543,0.949290572432801,"white",2.94297946783775
"2828",0.187893292400986,0.489699634490535,"green",0.115340193500742,0.061433173250407,0.0167381698265672,0.48417509580031,"black",1.83581164785341
"2830",0.544358177343383,0.165317936334759,"red",0.399149464676157,0.222757154377177,0.184312960598618,0.42670279671438,"white",2.05511197151716
"2845",0.975535885663703,0.205541195580736,"yellow",0.345337394159287,0.304381115827709,0.448560539167374,0.879474577959627,"black",2.30198296238981
"2847",0.166432701982558,0.810486206319183,"red",0.580297715961933,0.871474854415283,0.336123030167073,0.335060428129509,"white",2.93626766846597
"2864",0.0321665226947516,0.844551339745522,"green",0.906404656823725,0.421918283682317,0.21985106356442,0.953775572823361,"white",3.33982428305614
"2869",0.687659470131621,0.259025502717122,"yellow",0.160248163621873,0.783498694654554,0.938633653102443,0.512330322526395,"white",3.35955010191802
"2875",0.850163180148229,0.321721653686836,"yellow",0.208516525570303,0.286893321434036,0.80558195989579,0.948984769405797,"white",3.51168783401297
"2889",0.473510378040373,0.919883732451126,"blue",0.197267266688868,0.556185865309089,0.189042337238789,0.730060938512906,"white",2.36422318678365
"2896",0.978135683573782,0.913709206972271,"yellow",0.826666055480018,0.925649507669732,0.524245730601251,0.687001843703911,"white",3.82774307721147
"2904",0.80128141422756,0.806407896568999,"blue",0.530862710205838,0.472880710149184,0.56674485350959,0.156947041163221,"white",1.99982012133457
"2914",0.551067417254671,0.311907838564366,"yellow",0.675319894216955,0.668544441461563,0.341885399306193,0.599587136181071,"white",3.2873096858634
"2925",0.771342269843444,0.905816012993455,"yellow",0.7544495833572,0.416832508984953,0.223784833913669,0.431339959148318,"black",2.25703033111587
"2926",0.927302399650216,0.634013708913699,"yellow",0.681921144481748,0.611596231581643,0.814611173700541,0.722735847113654,"black",3.04785429469839
"2951",0.143552639288828,0.685909845866263,"green",0.527159043354914,0.44223555852659,0.747486179694533,0.547467288328335,"white",3.34043255312416
"2978",0.46867274492979,0.288787692552432,"green",0.717684320174158,0.288937229430303,0.68475829786621,0.55949074216187,"white",2.89783486312066
"2990",0.128050287486985,0.568733563879505,"green",0.956716752145439,0.463823325699195,0.129910754505545,0.799886274384335,"white",2.80679839510469
"3006",0.623608972644433,0.308230638736859,"red",0.195856749312952,0.879301249515265,0.600527639500797,0.665111077250913,"black",2.65222425166218
"3055",0.942104935180396,0.449482887750491,"green",0.943427139194682,0.549541599815711,0.29136579670012,0.68299535731785,"white",3.10941886946957
"3058",0.18921450804919,0.318573297467083,"blue",0.89619431248866,0.20066022593528,0.790257551707327,0.407387625658885,"white",1.84049924183904
"3066",0.898462103446946,0.948019473114982,"red",0.992305689258501,0.930943720741197,0.0909331969451159,0.664342684904113,"white",3.25925928929833
"3081",0.791318963980302,0.826515076914802,"yellow",0.764730926603079,0.0396132378373295,0.0536663886159658,0.16132127167657,"black",1.56379782369247
"3085",0.720899013103917,0.414439668646082,"green",0.0815869749058038,0.283565241377801,0.814700927818194,0.576210889732465,"white",3.23454701956081
"3091",0.694074640283361,0.114127398468554,"green",0.995019554626197,0.887132544768974,0.25534031749703,0.543232645839453,"white",3.38039313103492
"3095",0.634407472331077,0.836883147247136,"yellow",0.151356256566942,0.303884553490207,0.854935863288119,0.440207305597141,"white",3.32116213833984
"3124",0.23285838868469,0.272608667146415,"green",0.878677385859191,0.732577947201207,0.170409893151373,0.76509432727471,"white",3.19175521792521
"3127",0.626442427979782,0.0949233495630324,"blue",0.3406937927939,0.291889121290296,0.961326069431379,0.245044935960323,"white",1.9100145124919
"3138",0.363308729836717,0.161125001730397,"red",0.186019764048979,0.0851218183524907,0.487434565322474,0.0803958566393703,"white",1.96147820441016
"3139",0.525718425866216,0.622649999801069,"yellow",0.88428033515811,0.340612848754972,0.841575788799673,0.624397355364636,"white",3.18330005231301
"3169",0.524976783199236,0.000369192799553275,"red",0.937878554454073,0.466029888251796,0.469153194222599,0.424586144043133,"black",2.00170371527244
"3170",0.779448949266225,0.377739737275988,"yellow",0.340234394650906,0.691890739835799,0.851855958113447,0.741055317223072,"white",3.56222630565588
"3173",0.0437693712301552,0.533571673557162,"yellow",0.506657674675807,0.218303170753643,0.430565919959918,0.0547722696792334,"white",2.54625773849986
"3176",0.686918422114104,0.828422479331493,"yellow",0.735885826637968,0.357695591636002,0.941874280804768,0.823885003337637,"white",3.66041815756052
"3184",0.556779875420034,0.640692780958489,"blue",0.868203004822135,0.134043041616678,0.713327805511653,0.508168190717697,"white",2.21812260252956
"3197",0.464829093543813,0.418934053275734,"red",0.0437365146353841,0.563154830830172,0.766045371070504,0.913023993838578,"black",2.46479978035887
"3205",0.338184294756502,0.333012324059382,"red",0.249958244152367,0.357114217244089,0.0499997581355274,0.53242378984578,"white",2.18940916288033
"3208",0.826579094398767,0.291792258154601,"yellow",0.107280747732148,0.575297019677237,0.140753536019474,0.8002398412209,"white",3.04079773541369
"3214",0.733067505061626,0.555908548180014,"green",0.639490013476461,0.259224318666384,0.865266990149394,0.432654122123495,"black",2.43854511361819
"3224",0.0681890933774412,0.0356270880438387,"blue",0.709680859930813,0.607058436144143,0.614579905755818,0.130171801662073,"white",2.03253095696839
"3228",0.370123062282801,0.836958037223667,"red",0.763349771732464,0.776698790490627,0.669152704300359,0.981772649334744,"white",3.50084448762353
"3233",0.519762450829148,0.46066201897338,"blue",0.236435596831143,0.774068308295682,0.802271631779149,0.918392296880484,"white",2.84737984971858
"3272",0.668703788425773,0.156448204768822,"green",0.901144907344133,0.192346829921007,0.50023208418861,0.131421411177143,"white",2.35858105989226
"3280",0.413953321287408,0.712536461884156,"red",0.426314425189048,0.190561644965783,0.267098254989833,0.0151252443902194,"black",1.6017569333142
"3290",0.361136646242812,0.954894630704075,"green",0.221501094289124,0.394096959615126,0.123898656573147,0.187456387095153,"white",2.76854424575609
"3291",0.296831590821967,0.0504187180195004,"green",0.374236568110064,0.961693156743422,0.792817835696042,0.410661998204887,"white",3.47231806577388
"3344",0.0260316571220756,0.986560774268582,"blue",0.274806785164401,0.787168140755966,0.940955593017861,0.137661579297855,"white",2.71844035422625
"3350",0.314819919643924,0.39926202245988,"yellow",0.62191202538088,0.637995443074033,0.198852161411196,0.335312564857304,"white",2.89276133130539
"3358",0.702514332719147,0.600537724094465,"yellow",0.434410193702206,0.0452288470696658,0.988383623072878,0.719468364492059,"white",3.01722947468876
"3359",0.176364111714065,0.92369449022226,"green",0.695914418669418,0.318423017393798,0.367311266250908,0.327320200158283,"white",2.84012149005803
"3367",0.822114719543606,0.211666737683117,"blue",0.33668570057489,0.806562636280432,0.665118295466527,0.0472348919138312,"white",2.20284441707792
"3374",0.284353470895439,0.87410459574312,"green",0.652207466540858,0.337431322550401,0.949771993327886,0.794191977707669,"white",3.5130288152995
"3376",0.127784614218399,0.869689197745174,"green",0.442150336224586,0.727118656272069,0.732942142523825,0.169134822674096,"white",3.42195894412623
"3397",0.632304714759812,0.944765953812748,"red",0.892016540281475,0.695099090225995,0.574597711442038,0.495285218814388,"white",3.16277905732045
"3412",0.782588302856311,0.37985833035782,"yellow",0.608351908857003,0.778918463503942,0.49606241309084,0.264328290242702,"black",2.63935328279214
"3436",0.89069861243479,0.515073756920174,"yellow",0.944595742970705,0.670302668353543,0.209550880128518,0.179442940978333,"white",2.72747653703808
"3446",0.849514926783741,0.260590688558295,"blue",0.837493130238727,0.297737536719069,0.985107379732653,0.565022766357288,"black",1.68906444001446
"3454",0.417665001004934,0.340737115824595,"green",0.890732954954728,0.99154466832988,0.770329476334155,0.753477775491774,"white",3.98050929736018
"3456",0.411381598096341,0.653205505339429,"red",0.612299867440015,0.207459389232099,0.48335513076745,0.182625313056633,"white",2.27270169729404
"3457",0.849585231160745,0.390831868629903,"red",0.00803986797109246,0.910810096655041,0.718425216153264,0.827872221590951,"white",3.41499319169204
"3461",0.293210379779339,0.235145328333601,"yellow",0.760615107836202,0.0637667251285166,0.650332846445963,0.808055053465068,"white",2.84275786784555
"3476",0.79014596552588,0.141229216242209,"blue",0.859917191788554,0.268873795634136,0.109421879518777,0.47503562644124,"white",1.38686555568207
"3507",0.977012770716101,0.256721050478518,"yellow",0.0776911010034382,0.669497463852167,0.436868612421677,0.254547494696453,"white",2.84882215627091
"3514",0.248188461875543,0.766507129184902,"red",0.724605046212673,0.515183748910204,0.884406724479049,0.467746936017647,"white",3.18513229523126
"3525",0.921601782320067,0.389971444150433,"yellow",0.38833914953284,0.713229092303663,0.780472062760964,0.61478226352483,"white",3.59939111833647
"3532",0.953162824502215,0.316682298667729,"red",0.629941431107,0.899935869965702,0.121077352203429,0.156335996463895,"white",2.76342078656427
"3539",0.570628893096,0.760904632741585,"blue",0.858495122520253,0.502395049436018,0.614315409911796,0.546961592976004,"black",1.92929891540833
"3543",0.525648206472397,0.36791172483936,"red",0.435509214410558,0.212478108936921,0.853696891106665,0.758956121047959,"white",2.83799368532148
"3544",0.131300970679149,0.305238369852304,"yellow",0.232329507591203,0.546321667265147,0.798092119628564,0.00564384879544377,"white",2.92816735992161
"3566",0.902369269868359,0.700628424063325,"blue",0.3305619424209,0.674541126936674,0.207646561553702,0.865646490594372,"white",2.32928861067005
"3571",0.44206108734943,0.0842089096549898,"red",0.950399625115097,0.344996191794053,0.279712733346969,0.33869948447682,"black",1.38745782121776
"3575",0.207513037603348,0.877395609626547,"blue",0.571244213962927,0.443895376753062,0.0513182496652007,0.508332035737112,"black",1.30301640410221
"3578",0.551761837676167,0.304352198494598,"blue",0.0854682503268123,0.606738773174584,0.126706172712147,0.605911119841039,"white",1.88339797180734
"3582",0.0612414064817131,0.0504328657407314,"green",0.77996115013957,0.562365215970203,0.640508492710069,0.196484684478492,"white",2.8707684042035
"3584",0.0419432427734137,0.730360979679972,"yellow",0.45213375473395,0.635107605718076,0.387655786704272,0.685843990882859,"white",3.40584817935585
"3586",0.52592728449963,0.927520364988595,"yellow",0.992294234689325,0.747697107726708,0.8977300231345,0.427538521122187,"white",3.71162789747327
"3591",0.0525011126883328,0.412381355883554,"blue",0.544817149173468,0.653190932469442,0.900648093549535,0.619380901334807,"black",2.03719111616082
"3595",0.499316776171327,0.108581556472927,"yellow",0.0645815250463784,0.374671298777685,0.976307811914012,0.82570164417848,"white",3.37946378574624
"3599",0.649755512597039,0.384750219993293,"green",0.30194943328388,0.234915600856766,0.0173739492893219,0.246862183324993,"white",2.47044127930269
"3601",0.259106217650697,0.566542904125527,"blue",0.35910611320287,0.689029646804556,0.928123133955523,0.29318706295453,"white",2.36414072492373
"3602",0.81068822205998,0.104483998147771,"red",0.733844299335033,0.0577945022378117,0.285038909874856,0.491901712026447,"black",1.29318671522901
"3610",0.0395542050246149,0.397319446085021,"blue",0.420408873353153,0.533926287898794,0.959540800657123,0.609913017135113,"white",2.49340910104296
"3611",0.71862673247233,0.532425709767267,"blue",0.430264088558033,0.236466120695695,0.456854042597115,0.749624939635396,"white",2.0880974920081
"3629",0.733044547494501,0.12198514980264,"blue",0.0437970054335892,0.871875998098403,0.116352216340601,0.822325193788856,"white",2.37633516563781
"3652",0.775691204471514,0.45547656645067,"yellow",0.589972046436742,0.37412113067694,0.542043142952025,0.820442353608087,"black",2.52071114054523
"3660",0.472960745915771,0.343251429265365,"red",0.260550419334322,0.742885724641383,0.969311182620004,0.29972665081732,"white",2.85237388121766
"3683",0.577560542849824,0.966448196675628,"green",0.864475283771753,0.834529517684132,0.216386844636872,0.772643957054242,"white",3.6226987379076
"3698",0.468793339561671,0.99702471960336,"green",0.421311186859384,0.424832966877148,0.857295002555475,0.907197033986449,"white",3.70175957625648
"3711",0.00551688647828996,0.81513248081319,"yellow",0.596975466469303,0.105820059310645,0.8406914959196,0.166711310856044,"white",2.98287527368349
"3717",0.884433636674657,0.719625910744071,"green",0.988330832915381,0.834661063039675,0.390715302200988,0.912662463495508,"black",3.02194759455494
"3722",0.438856018707156,0.506537189241499,"red",0.760561313014477,0.0469669227022678,0.59256040211767,0.790284005226567,"black",1.81647245951584
"3723",0.42050680774264,0.415678691118956,"yellow",0.30085702589713,0.325187283568084,0.328594565857202,0.665149858687073,"white",2.96998114410017
"3739",0.137062744703144,0.387522955192253,"yellow",0.830092931166291,0.543843300547451,0.146043216111138,0.551966036204249,"white",2.85013936834303
"3760",0.783946029609069,0.568636109819636,"yellow",0.491144848521799,0.641212759306654,0.226019490510225,0.398984546074644,"white",2.77317458180677
"3792",0.712191498139873,0.799811319448054,"blue",0.547571659553796,0.350596899399534,0.850710068829358,0.740032352739945,"white",2.53275384839828
"3798",0.104253059485927,0.836243374506012,"blue",0.408783368300647,0.593887148192152,0.74000511970371,0.638930967310444,"black",2.09128044748211
"3809",0.246919544879347,0.450070091756061,"yellow",0.122686242451891,0.859469262184575,0.427587045123801,0.606442062649876,"white",3.34769976684185
"3821",0.858725284924731,0.168137855129316,"blue",0.385824288474396,0.406148501671851,0.851314450846985,0.45291622611694,"white",2.17696000720013
"3837",0.156818506540731,0.0441352396737784,"blue",0.406267948448658,0.377382807200775,0.161844928981736,0.885959720471874,"white",2.06062087085885
"3838",0.314207744318992,0.815298735629767,"green",0.323729850817472,0.592274730559438,0.538194279186428,0.0572297975886613,"black",2.49052044939583
"3853",0.102390945656225,0.979917703196406,"green",0.695750100538135,0.646097396267578,0.398586050840095,0.473563434556127,"white",3.31811678597043
"3859",0.848197888117284,0.790444896789268,"green",0.331526915542781,0.248461791081354,0.361342963529751,0.0709671101067215,"black",1.92937474738567
"3861",0.181388927390799,0.0429313634522259,"red",0.738401132170111,0.175270016305149,0.597583934664726,0.305394221795723,"black",1.6923422318361
"3895",0.316291930852458,0.320295959478244,"blue",0.779059340478852,0.309963457053527,0.483188361860812,0.674869168084115,"black",1.57482173912437
"3899",0.382646281039342,0.923017088323832,"red",0.770111515885219,0.423797177849337,0.837937725242227,0.914378932211548,"white",3.42486690358719
"3905",0.818314972566441,0.245830018306151,"red",0.0230029351077974,0.557180903619155,0.466523081529886,0.586865471908823,"white",2.78841492655269
"3928",0.512850831029937,0.0441500640008599,"green",0.42346143280156,0.250999148702249,0.364355831407011,0.838950575562194,"white",2.98701285881969
"3931",0.552074459847063,0.823036232497543,"blue",0.931416807463393,0.240995725849643,0.629396819975227,0.569612835301086,"black",1.59170708451128
"3947",0.392313031479716,0.906110223615542,"green",0.175887515535578,0.264393450459465,0.26037460938096,0.322832111269236,"black",2.01571427664438
"3950",0.877416223054752,0.73585865763016,"blue",0.739188412204385,0.217533730436116,0.332852313760668,0.695581101346761,"white",1.93017595275045
"3951",0.297431289684027,0.0817951038479805,"blue",0.324150249361992,0.732285542180762,0.277671668678522,0.288569741882384,"white",1.87132565737493
"3955",0.386428630212322,0.224325414514169,"green",0.602772403741255,0.166602096054703,0.500705778365955,0.514084844850004,"white",2.61600780724648
"3956",0.341552570927888,0.798342980910093,"blue",0.585307304747403,0.178826289018616,0.96521092671901,0.348129401914775,"white",2.29723007923118
"3960",0.133516981266439,0.86676868237555,"green",0.957624147646129,0.198168405797333,0.818797885673121,0.179107786854729,"white",3.11050562968109
"3969",0.76400054898113,0.236434146296233,"yellow",0.100221106316894,0.672642217483371,0.16150615317747,0.971306257648394,"white",3.05012470680106
"3984",0.453638267237693,0.551624732092023,"green",0.210763437207788,0.817564693279564,0.694767213659361,0.500962485559285,"white",3.6451235827489
"3987",0.739788296865299,0.91997735388577,"yellow",0.583478335989639,0.622414368903264,0.0305240727029741,0.79220605455339,"black",2.51759444446243
"3988",0.0228315610438585,0.66404476785101,"green",0.695901831611991,0.447750368854031,0.862827543634921,0.456662686076015,"white",3.26311226456565
"3994",0.553086508065462,0.540122058009729,"blue",0.0217954295221716,0.177556455833837,0.357704175403342,0.700554654700682,"white",2.01285702636237
"4000",0.809315174119547,0.817300207447261,"green",0.608648602385074,0.542494900291786,0.422179002081975,0.773044256260619,"white",3.55864921789623
"4006",0.298412136966363,0.771361778490245,"blue",0.0575339605566114,0.620520038530231,0.77873677527532,0.210930700646713,"white",2.33669490472611
"4016",0.889908097218722,0.837042262544855,"blue",0.324382049730048,0.941674483241513,0.959869256708771,0.155909654917195,"white",2.90905463577237
"4023",0.373719886410981,0.819551269290969,"blue",0.590723948320374,0.63832270889543,0.493390011135489,0.664003379177302,"black",1.7919248529672
"4028",0.355837809387594,0.570183307398111,"red",0.1992872513365,0.951052222866565,0.33535658987239,0.219178046798334,"white",2.97827717572387
"4036",0.267952435417101,0.190839110407978,"green",0.000591661082580686,0.897723515285179,0.177044794429094,0.727189410710707,"white",3.23856102205552
"4042",0.730146361049265,0.600743074668571,"green",0.0849254978820682,0.55903765023686,0.806820093654096,0.496563688153401,"white",3.31295481378172
"4057",0.528583962470293,0.158606260782108,"yellow",0.406104994937778,0.860856532352045,0.955628495430574,0.203133310191333,"white",3.37014370180772
"4063",0.794259565183893,0.140421244548634,"red",0.257016026880592,0.168544640298933,0.483037303434685,0.810389810940251,"white",2.24710530266238
"4071",0.598367842845619,0.968383512226865,"red",0.405326039530337,0.620094739133492,0.281938673695549,0.786218531895429,"black",2.51348307408543
"4075",0.611023714300245,0.638390829553828,"red",0.316141659626737,0.0970639521256089,0.0351008330471814,0.218295302940533,"white",1.96245156723598
"4076",0.855874439002946,0.415553268278018,"green",0.262061023386195,0.353483950020745,0.118723302148283,0.101253291824833,"white",2.48331607479674
"4077",0.453110285568982,0.125938979675993,"green",0.359480659710243,0.320834644138813,0.455591037869453,0.710049322573468,"black",2.1184401012007
"4083",0.340672078775242,0.874115680111572,"yellow",0.658912628190592,0.679099892964587,0.770213529234752,0.566402266966179,"white",3.63091460923858
"4086",0.683184916852042,0.559925938723609,"green",0.638261735904962,0.690465845866129,0.157117363531142,0.0468523763120174,"white",2.91988070257877
"4104",0.320671868044883,0.788433613488451,"green",0.569964546477422,0.579557246295735,0.0477790876757354,0.552938761422411,"white",3.06444708543084
"4130",0.110171649139374,0.0914963753893971,"green",0.456666881218553,0.870422251755372,0.441197084728628,0.435625258600339,"black",2.67493047228986
"4131",0.240294474177063,0.104429605649784,"red",0.82385702827014,0.240634856047109,0.308097191853449,0.627524863462895,"white",2.3629830710786
"4132",0.578553820960224,0.297128082253039,"red",0.376867463812232,0.462409546133131,0.805041392100975,0.436511123552918,"white",2.73330317710363
"4143",0.00657260022126138,0.852303351741284,"red",0.324297967134044,0.299580657854676,0.257237754762173,0.723937869770452,"white",2.54527275339328
"4157",0.509946587029845,0.958145584212616,"red",0.623172910185531,0.601865404285491,0.0566919278353453,0.180612838827074,"white",2.51974898297354
"4197",0.0277175665833056,0.73573516192846,"yellow",0.381307214731351,0.55341355712153,0.136571574257687,0.756623414345086,"white",3.14770358112506
"4201",0.599928531562909,0.437579039949924,"yellow",0.603764722123742,0.538556538522243,0.912389394361526,0.607440923340619,"black",2.69505371040157
"4202",0.906438295496628,0.749995031394064,"green",0.731372220441699,0.560484954155982,0.0956454887054861,0.387456788448617,"white",2.69548740612776
"4210",0.690071189310402,0.173976401099935,"blue",0.146571065764874,0.673675523838028,0.935365302255377,0.162326249992475,"white",2.44104506651338
"4223",0.354652526322752,0.390899447724223,"red",0.501429094001651,0.0297225199174136,0.226535735884681,0.125927841058001,"white",1.55216639994316
"4231",0.685081714298576,0.466269168304279,"red",0.161974737420678,0.812374581117183,0.776668784208596,0.815223251702264,"white",3.25842187487072
"4237",0.559451191220433,0.932398392586038,"yellow",0.589896023273468,0.276736040599644,0.122540028067306,0.018161310814321,"black",1.90953864307086
"4244",0.0462092373054475,0.389218568103388,"blue",0.425195593619719,0.116852827137336,0.497719127917662,0.664204966742545,"white",1.8953737791792
"4258",0.21200363477692,0.717192607698962,"green",0.24483765871264,0.10905626276508,0.955032245023176,0.62837968673557,"black",2.46288892339613
"4270",0.00343895563855767,0.907003960572183,"blue",0.126066035591066,0.836368007585406,0.933636985486373,0.0477568968199193,"white",2.62352005771505
"4272",0.126000702846795,0.254232765408233,"yellow",0.638749330537394,0.758612594334409,0.664566551567987,0.254091324750334,"black",2.52939787828385
"4273",0.919006487354636,0.0817930286284536,"blue",0.703496754867956,0.0294607558753341,0.91552031529136,0.646752871572971,"white",1.88189336208192
"4275",0.254263894865289,0.949144353158772,"red",0.0209500638302416,0.514430104754865,0.125968446256593,0.605705252848566,"white",2.82929156760202
"4277",0.235735096037388,0.930984614184126,"yellow",0.0581584589090198,0.938415438402444,0.365321234799922,0.558097354136407,"white",3.43498204562754
"4286",0.437819638755172,0.202558255987242,"yellow",0.543999942252412,0.588681517634541,0.977078566327691,0.549920905381441,"white",3.42320097789102
"4307",0.952564626466483,0.994746877113357,"red",0.180907180532813,0.526409315643832,0.349776620045304,0.136466807220131,"black",2.13760230780385
"4328",0.264521057717502,0.182147798361257,"blue",0.123392621986568,0.29576544649899,0.817808489548042,0.0531160840764642,"white",1.73051182457329
"4342",0.877424751408398,0.461711873533204,"green",0.0208141193725169,0.409276887308806,0.860085997963324,0.858197854133323,"black",2.89799328422405
"4344",0.796863124705851,0.782189098186791,"blue",0.121507477946579,0.752219974994659,0.0903766714036465,0.173557051457465,"white",1.96371666839219
"4349",0.0882633738219738,0.829975402448326,"green",0.0507483168039471,0.46095179929398,0.15032468480058,0.0604335209354758,"white",2.77026488810494
"4357",0.487021334469318,0.899172924458981,"red",0.570262742461637,0.0285892998799682,0.468946471810341,0.238022652920336,"white",2.39969575106406
"4359",0.743890271987766,0.987734250491485,"yellow",0.371034948388115,0.658504075370729,0.64060093741864,0.697643401334062,"black",3.23265113635133
"4365",0.407399157062173,0.0131843474227935,"yellow",0.636193495476618,0.745072874240577,0.578554784413427,0.506959985243157,"white",3.36010647970143
"4379",0.518651998369023,0.681173430755734,"red",0.766269328771159,0.126020853640512,0.512132255826145,0.744365561753511,"white",2.55639385023498
"4381",0.193852299591526,0.202416787622496,"blue",0.267555233091116,0.730888520134613,0.826155863702297,0.861257704207674,"black",2.21805888839004
"4384",0.868327241856605,0.0223937616683543,"yellow",0.142283521825448,0.858956475043669,0.702813061885536,0.924000960309058,"white",3.57575550262257
"4395",0.0594751436728984,0.0782849695533514,"yellow",0.936090635834262,0.680148342391476,0.0145397314336151,0.650512363994494,"white",2.96284576515178
"4402",0.623759134672582,0.880519575439394,"blue",0.343399020377547,0.344119978370145,0.481028087669984,0.192697696853429,"black",1.3421097671124
"4417",0.595674116630107,0.287061897804961,"blue",0.660085781477392,0.123258599778637,0.606340870494023,0.928749202983454,"black",1.5103793461215
"4420",0.0112028452567756,0.992067532381043,"blue",0.377729237545282,0.181338163092732,0.459988168207929,0.94712824258022,"white",2.12231360194836
"4436",0.944643377093598,0.462179664988071,"red",0.843127748230472,0.956303088925779,0.758762955432758,0.749600202543661,"white",3.55484968180007
"4437",0.68081496655941,0.166959475725889,"blue",0.599113202886656,0.792246845783666,0.640383890364319,0.407580380328,"white",2.4241985811102
"4441",0.692386770155281,0.113523490494117,"blue",0.683833688497543,0.813055715756491,0.591008027317002,0.812903966289014,"white",2.57857597024723
"4445",0.786918292753398,0.283765190513805,"blue",0.13415397843346,0.140830375952646,0.824905188055709,0.823734433157369,"white",2.33311947286262
"4448",0.105562893673778,0.429040929535404,"red",0.0487057473510504,0.702315063914284,0.726315655745566,0.730847090715542,"white",3.3201863002732
"4450",0.375164823839441,0.0809964791405946,"blue",0.176962992409244,0.618380411993712,0.974692316958681,0.334979335777462,"white",2.40087894845397
"4451",0.547241731313989,0.571724486770108,"yellow",0.184474538546056,0.868412395007908,0.016515742521733,0.704340180382133,"white",3.3207306201409
"4459",0.824702014448121,0.355172520736232,"yellow",0.570652603870258,0.0335523362737149,0.493230338674039,0.15638638776727,"black",1.62000954558885
"4461",0.809477644506842,0.573297502240166,"red",0.230435272213072,0.226431985385716,0.459971278207377,0.52501792833209,"black",1.92775000910346
"4467",0.24602159508504,0.285838200710714,"blue",0.37919679004699,0.370251441607252,0.413125908467919,0.758148547960445,"white",2.3095948320699
"4480",0.611401446163654,0.0821620754431933,"red",0.293398469220847,0.139733429299667,0.330381076317281,0.9624126276467,"white",2.56537569586011
"4484",0.0219670829828829,0.874836468836293,"yellow",0.641170349670574,0.270467689959332,0.488599550910294,0.617052535526454,"white",2.98216456034279
"4497",0.678225985728204,0.770368881057948,"green",0.969881566474214,0.763381278840825,0.563578555826098,0.485831758240238,"white",3.429456734013
"4504",0.267411950044334,0.405397654045373,"red",0.545853279531002,0.938676704186946,0.0213625573087484,0.174758779117838,"white",2.69467096594523
"4523",0.322758977068588,0.645893934182823,"blue",0.890936131123453,0.0213271239772439,0.850714883534238,0.560003659687936,"white",1.90788788323355
"4529",0.781784195685759,0.170654831454158,"blue",0.837649167515337,0.651527893496677,0.858176291221753,0.863471831427887,"white",2.3475148025949
"4537",0.932215802138671,0.822030199458823,"yellow",0.799935391638428,0.863923658849671,0.270681153051555,0.380859437864274,"white",3.24338764370008
"4546",0.804070523707196,0.715312487445772,"blue",0.193130866158754,0.736459944397211,0.996239075204358,0.442622130736709,"white",2.85523922832221
"4584",0.0945135953370482,0.737171735381708,"red",0.608463632175699,0.793746925657615,0.207401075866073,0.932779174298048,"white",3.19137281414613
"4606",0.908519544871524,0.628469366347417,"yellow",0.140949277207255,0.497814718168229,0.279748019529507,0.154287539422512,"white",2.65290525396693
"4613",0.729653156129643,0.821761520346627,"blue",0.847770472522825,0.591447704471648,0.424407537328079,0.528970988467336,"white",2.35950461036959
"4614",0.245112987468019,0.970925966044888,"red",0.562202281784266,0.00397908058948815,0.322843978181481,0.949141134275123,"white",2.60122380364332
"4623",0.482202843995765,0.595179669559002,"red",0.74974443227984,0.395250817062333,0.718553358688951,0.956232792930678,"black",2.47467420963639
"4676",0.997230175184086,0.00690944120287895,"blue",0.423082127701491,0.50592275056988,0.527097343234345,0.482611676445231,"white",1.92449798750714
"4680",0.361176223028451,0.343086933717132,"red",0.73428809014149,0.147175939520821,0.24508776050061,0.655726748285815,"white",2.36169765678548
"4720",0.310620098840445,0.255621732445434,"red",0.602443930925801,0.0227354269009084,0.06156349577941,0.0540846770163625,"white",1.45695909880952
"4731",0.759917226852849,0.62933781533502,"green",0.198290959466249,0.0707861795090139,0.190654661972076,0.0827572671696544,"black",1.66399553005835
"4751",0.743900504894555,0.0768476559314877,"yellow",0.862559601431713,0.825095963664353,0.351984520675614,0.136466975789517,"black",2.12885162873794
"4758",0.563082531327382,0.122700687497854,"green",0.742164010880515,0.304057131055743,0.998510513920337,0.278887093765661,"white",2.98559999305482
"4762",0.523909930372611,0.53920571343042,"blue",0.537006180267781,0.966343523003161,0.539230051916093,0.344532521208748,"black",1.90990469420574
"4767",0.724256866145879,0.495034970343113,"green",0.960520008811727,0.153412187937647,0.409028316382319,0.578323731664568,"white",2.59745303861702
"4792",0.396991536254063,0.423303788295016,"blue",0.305949040222913,0.339364722603932,0.436289678793401,0.155574990669265,"white",1.75711787156113
"4793",0.942855685483664,0.807016408070922,"green",0.673720296937972,0.00238674599677324,0.689387843711302,0.753895256202668,"white",3.16333584715708
"4801",0.632529133930802,0.240099711576477,"yellow",0.54683388536796,0.979111776920035,0.120010425103828,0.336649215547368,"white",3.18801733043432
"4810",0.216469435952604,0.966985734645277,"blue",0.606518983840942,0.258718322962523,0.922065879916772,0.673042747890577,"white",2.55331702572526
"4823",0.385856081731617,0.877169335260987,"yellow",0.413658521603793,0.218007836956531,0.453176849754527,0.22885208344087,"white",2.67756042818672
"4845",0.039519541664049,0.133238021517172,"green",0.621999385533854,0.187957270769402,0.216652683215216,0.361426606075838,"black",1.80774759618402
"4877",0.71586652379483,0.763825600966811,"green",0.214098933385685,0.428213685052469,0.242616353090852,0.926726211793721,"white",3.21519075037308
"4889",0.195745202945545,0.791510760551319,"green",0.784001081017777,0.778691557003185,0.40730085154064,0.895939431153238,"white",3.64669077870022
"4910",0.99511942290701,0.0765421830583364,"yellow",0.32650002813898,0.829949208302423,0.500763280550018,0.545783831505105,"white",3.27034394900082
"4920",0.0917729767970741,0.326964989537373,"green",0.922553494339809,0.257745077367872,0.348771475953981,0.624851095024496,"white",2.67251361650166
"4931",0.761852618074045,0.65475483587943,"blue",0.252333574695513,0.128780658822507,0.658069352386519,0.405366761144251,"black",1.25985009073368
"4997",0.808055263012648,0.219598508905619,"blue",0.960694952867925,0.098121787654236,0.53380236402154,0.707289652898908,"white",1.92029530789519
